patient_id,age,gender,pack_years,radon_exposure,asbestos_exposure,secondhand_smoke_exposure,copd_diagnosis,alcohol_consumption,family_history,lung_cancer
100000,69,Male,66.02524418183087,High,No,No,Yes,Moderate,No,No
100001,32,Female,12.78080001832259,High,No,Yes,Yes,Moderate,Yes,Yes
100002,89,Female,0.4082780991943702,Medium,Yes,Yes,Yes,,No,Yes
100003,78,Female,44.06523180717622,Low,No,Yes,No,Moderate,No,Yes
100004,38,Female,44.43244048453104,Medium,Yes,No,Yes,,Yes,Yes
100005,100,Male,81.18054511680516,Low,No,Yes,No,Moderate,Yes,Yes
100006,92,Male,18.1567516357379,High,No,Yes,Yes,Moderate,Yes,Yes
100007,92,Male,27.511116309917384,High,No,No,No,Moderate,No,Yes
100008,41,Female,7.8242331689368445,High,No,Yes,Yes,,Yes,No
100009,20,Male,39.98750352879641,Low,No,No,No,Moderate,No,No
